{"1": {"R": [[-0.9153617321513369, 0.40180836633680234, 0.02574754463350265], [0.051548117060134555, 0.1803735689384521, -0.9822464900705729], [-0.399319034032262, -0.8977836111057917, -0.185819527201491]], "t": [-346.05078140028075, 546.9807793144001, 5474.481087434061], "f": [1145.04940458804, 1143.78109572365], "c": [512.541504956548, 515.4514869776]}, "2": {"R": [[0.9281683400814921, 0.3721538354721445, 0.002248380248018696], [0.08166409428175585, -0.1977722953267526, -0.976840363061605], [-0.3630902204349604, 0.9068559102440475, -0.21395758897485287]], "t": [251.42516271750836, 420.9422103702068, 5588.195881837821], "f": [1149.67569986785, 1147.59161666764], "c": [508.848621645943, 508.064917088557]}, "3": {"R": [[-0.9141549520542256, -0.40277802228118775, -0.045722952682337906], [-0.04562341383935874, 0.21430849526487267, -0.9756999400261069], [0.4027893093720077, -0.889854894701693, -0.214287280609606]], "t": [480.482559565337, 253.83237471361554, 5704.207679370455], "f": [1149.14071676148, 1148.7989685676], "c": [519.815837182153, 501.402658888552]}, "4": {"R": [[0.9141562410494211, -0.40060705854636447, 0.061905989962380774], [-0.05641000739510571, -0.2769531972942539, -0.9592261660183036], [0.40141783470104664, 0.8733904688919611, -0.2757767409202658]], "t": [51.88347637559197, 378.4208425426766, 4406.149140878431], "f": [1145.51133842318, 1144.77392807652], "c": [514.968197319863, 501.882018537695]}}
